county.num,pet.count,dog.count,otherpet.count,woman,race,religion,republican,proparks.vote
7,0,0,0,0,1,4,1,0
7,0,0,0,0,1,4,1,0
6,4,2,2,0,1,4,1,0
6,4,2,2,0,1,4,1,0
5,3,0,3,1,1,7,1,0.030109656
5,3,0,3,1,1,7,1,0.030109656
9,0,0,0,1,1,99,0,0.031439966
9,0,0,0,1,1,99,0,0.031439966
5,3,1,2,0,1,10,0,0.031711845
5,3,1,2,0,1,10,0,0.031711845
9,3,1,2,0,1,5,1,0.040614074
9,3,1,2,0,1,5,1,0.040614074
10,1,1,0,0,1,99,1,0.044756873
10,1,1,0,0,1,99,1,0.044756873
5,4,2,2,0,1,5,1,0.064104358
5,4,2,2,0,1,5,1,0.064104358
6,2,1,1,1,1,2,1,0.066306372
6,2,1,1,1,1,2,1,0.066306372
3,0,0,0,0,1,4,1,0.072552158
3,0,0,0,0,1,4,1,0.072552158
8,3,3,0,0,1,7,1,0.076101933
8,3,3,0,0,1,7,1,0.076101933
5,2,1,1,0,1,2,1,0.077635856
5,2,1,1,0,1,2,1,0.077635856
9,3,1,2,0,1,4,1,0.079649284
9,3,1,2,0,1,4,1,0.079649284
9,3,2,1,0,1,4,1,0.088727758
9,3,2,1,0,1,4,1,0.088727758
8,5,4,1,0,1,7,1,0.098396102
8,5,4,1,0,1,7,1,0.098396102
6,4,2,2,0,1,2,1,0.099455624
6,4,2,2,0,1,2,1,0.099455624
6,2,1,1,0,1,10,1,0.099570464
6,2,1,1,0,1,10,1,0.099570464
8,3,2,1,0,1,3,1,0.10162567
8,3,2,1,0,1,3,1,0.10162567
9,3,0,3,0,1,5,1,0.103106306
9,3,0,3,0,1,5,1,0.103106306
10,0,0,0,1,1,99,0,0.104529888
10,0,0,0,1,1,99,0,0.104529888
5,3,1,2,0,1,7,1,0.105938136
5,3,1,2,0,1,7,1,0.105938136
10,2,0,2,0,1,3,1,0.107745124
10,2,0,2,0,1,3,1,0.107745124
9,1,1,0,0,1,5,0,0.10869121
9,1,1,0,0,1,5,0,0.10869121
5,3,2,1,0,1,2,1,0.11127296
5,3,2,1,0,1,2,1,0.11127296
2,3,1,2,0,1,5,0,0.114738827
2,3,1,2,0,1,5,0,0.114738827
3,2,0,2,0,1,5,1,0.120170356
3,2,0,2,0,1,5,1,0.120170356
9,3,1,2,0,3,4,0,0.12735838
9,3,1,2,0,3,4,0,0.12735838
4,3,3,0,0,2,99,0,0.138954858
4,3,3,0,0,2,99,0,0.138954858
10,4,2,2,0,1,10,1,0.147094415
10,4,2,2,0,1,10,1,0.147094415
3,1,0,1,1,1,5,0,0.147125071
3,1,0,1,1,1,5,0,0.147125071
6,3,2,1,0,1,5,1,0.154189643
6,3,2,1,0,1,5,1,0.154189643
3,4,1,3,0,1,4,0,0.154524122
3,4,1,3,0,1,4,0,0.154524122
4,4,3,1,0,1,7,0,0.156969962
4,4,3,1,0,1,7,0,0.156969962
4,3,0,3,0,1,2,1,0.164435289
4,3,0,3,0,1,2,1,0.164435289
2,1,1,0,0,1,2,1,0.178572935
2,1,1,0,0,1,2,1,0.178572935
5,0,0,0,0,1,2,1,0.179114248
5,0,0,0,0,1,2,1,0.179114248
7,2,0,2,0,1,5,1,0.184900969
7,2,0,2,0,1,5,1,0.184900969
11,2,2,0,0,1,2,1,0.189295958
11,2,2,0,0,1,2,1,0.189295958
1,2,0,2,0,1,1,1,0.199670693
1,2,0,2,0,1,1,1,0.199670693
4,2,1,1,0,1,2,1,0.221561212
4,2,1,1,0,1,2,1,0.221561212
10,2,1,1,0,1,10,0,0.224541631
10,2,1,1,0,1,10,0,0.224541631
9,8,4,4,0,1,4,1,0.227575641
9,8,4,4,0,1,4,1,0.227575641
2,0,0,0,0,1,5,0,0.228963122
2,0,0,0,0,1,5,0,0.228963122
2,4,1,3,0,1,4,1,0.230553036
2,4,1,3,0,1,4,1,0.230553036
10,2,0,2,0,1,7,1,0.230869456
10,2,0,2,0,1,7,1,0.230869456
6,2,2,0,0,1,5,0,0.231371994
6,2,2,0,0,1,5,0,0.231371994
10,1,0,1,0,1,2,1,0.239950808
10,1,0,1,0,1,2,1,0.239950808
6,1,0,1,1,1,4,0,0.242311321
6,1,0,1,1,1,4,0,0.242311321
7,7,4,3,0,1,4,0,0.253109643
7,7,4,3,0,1,4,0,0.253109643
2,4,1,3,0,1,4,1,0.254504532
2,4,1,3,0,1,4,1,0.254504532
6,3,1,2,0,2,99,0,0.261208117
6,3,1,2,0,2,99,0,0.261208117
6,5,2,3,0,1,7,1,0.2680751
6,5,2,3,0,1,7,1,0.2680751
7,2,2,0,0,1,4,1,0.268092342
7,2,2,0,0,1,4,1,0.268092342
6,3,1,2,1,1,1,0,0.271564304
6,3,1,2,1,1,1,0,0.271564304
5,2,2,0,0,2,3,0,0.272315178
5,2,2,0,0,2,3,0,0.272315178
2,2,0,2,0,1,10,0,0.278319837
2,2,0,2,0,1,10,0,0.278319837
1,1,0,1,1,1,4,0,0.281706825
1,1,0,1,1,1,4,0,0.281706825
7,2,1,1,0,1,7,1,0.283330965
7,2,1,1,0,1,7,1,0.283330965
7,0,0,0,0,1,3,1,0.283806696
7,0,0,0,0,1,3,1,0.283806696
7,2,1,1,0,1,4,1,0.285542014
7,2,1,1,0,1,4,1,0.285542014
3,3,1,2,0,1,3,1,0.285762344
3,3,1,2,0,1,3,1,0.285762344
4,2,1,1,0,1,7,1,0.288766186
4,2,1,1,0,1,7,1,0.288766186
10,3,1,2,0,1,99,1,0.288992971
10,3,1,2,0,1,99,1,0.288992971
5,0,0,0,0,3,4,1,0.294081775
5,0,0,0,0,3,4,1,0.294081775
9,2,2,0,0,1,8,1,0.29790265
9,2,2,0,0,1,8,1,0.29790265
10,4,3,1,1,1,1,0,0.299211267
10,4,3,1,1,1,1,0,0.299211267
5,2,0,2,0,1,3,1,0.299326801
5,2,0,2,0,1,3,1,0.299326801
12,4,3,1,0,1,5,0,0.304595619
12,4,3,1,0,1,5,0,0.304595619
9,0,0,0,1,1,2,1,0.307182805
9,0,0,0,1,1,2,1,0.307182805
9,2,0,2,0,1,24,0,0.316890364
9,2,0,2,0,1,24,0,0.316890364
12,0,0,0,1,1,4,1,0.317056725
12,0,0,0,1,1,4,1,0.317056725
7,3,2,1,0,1,4,0,0.321037168
7,3,2,1,0,1,4,0,0.321037168
2,0,0,0,0,1,5,1,0.321856672
2,0,0,0,0,1,5,1,0.321856672
8,6,3,3,0,1,10,1,0.326289494
8,6,3,3,0,1,10,1,0.326289494
7,3,2,1,1,1,99,0,0.328318906
7,3,2,1,1,1,99,0,0.328318906
8,2,2,0,0,1,2,0,0.335169675
8,2,2,0,0,1,2,0,0.335169675
5,0,0,0,1,1,5,0,0.336937849
5,0,0,0,1,1,5,0,0.336937849
10,1,0,1,0,1,4,0,0.338953159
10,1,0,1,0,1,4,0,0.338953159
5,3,0,3,1,1,4,0,0.339000064
5,3,0,3,1,1,4,0,0.339000064
6,5,2,3,0,2,3,0,0.340281984
6,5,2,3,0,2,3,0,0.340281984
3,2,1,1,0,1,4,1,0.341484953
3,2,1,1,0,1,4,1,0.341484953
6,3,1,2,0,1,9,1,0.346552298
6,3,1,2,0,1,9,1,0.346552298
9,4,1,3,0,1,4,1,0.346669415
9,4,1,3,0,1,4,1,0.346669415
7,1,0,1,1,1,5,1,0.349429049
7,1,0,1,1,1,5,1,0.349429049
6,1,1,0,1,1,2,0,0.351195446
6,1,1,0,1,1,2,0,0.351195446
3,3,3,0,0,3,4,0,0.35310874
3,3,3,0,0,3,4,0,0.35310874
11,2,1,1,0,1,2,1,0.353461922
11,2,1,1,0,1,2,1,0.353461922
1,2,2,0,0,1,5,0,0.357206858
1,2,2,0,0,1,5,0,0.357206858
2,4,2,2,0,1,4,1,0.359132061
2,4,2,2,0,1,4,1,0.359132061
8,4,3,1,0,1,7,1,0.361162816
8,4,3,1,0,1,7,1,0.361162816
6,2,0,2,0,1,3,1,0.367419207
6,2,0,2,0,1,3,1,0.367419207
9,2,1,1,1,1,5,0,0.367861667
9,2,1,1,1,1,5,0,0.367861667
8,5,0,5,0,1,7,1,0.370991462
8,5,0,5,0,1,7,1,0.370991462
2,4,0,4,0,1,5,1,0.37566811
2,4,0,4,0,1,5,1,0.37566811
8,1,0,1,0,1,4,1,0.390059656
8,1,0,1,0,1,4,1,0.390059656
6,3,1,2,0,1,2,0,0.391641645
6,3,1,2,0,1,2,0,0.391641645
4,2,0,2,0,1,2,0,0.395117415
4,2,0,2,0,1,2,0,0.395117415
7,3,0,3,0,1,4,0,0.40160893
7,3,0,3,0,1,4,0,0.40160893
9,2,2,0,0,2,8,0,0.402136955
9,2,2,0,0,2,8,0,0.402136955
8,2,1,1,0,1,4,0,0.411417491
8,2,1,1,0,1,4,0,0.411417491
3,2,2,0,0,1,5,1,0.415386049
3,2,2,0,0,1,5,1,0.415386049
5,2,2,0,0,3,2,0,0.416505567
5,2,2,0,0,3,2,0,0.416505567
9,2,1,1,0,3,17,0,0.421077438
9,2,1,1,0,3,17,0,0.421077438
12,2,1,1,0,1,4,1,0.4215282
12,2,1,1,0,1,4,1,0.4215282
9,3,2,1,0,1,4,0,0.431365082
9,3,2,1,0,1,4,0,0.431365082
8,3,1,2,0,1,99,1,0.441761899
8,3,1,2,0,1,99,1,0.441761899
7,2,1,1,1,2,98,0,0.447878094
7,2,1,1,1,2,98,0,0.447878094
2,3,2,1,0,1,1,1,0.450135603
2,3,2,1,0,1,1,1,0.450135603
5,2,2,0,0,1,10,1,0.450987323
5,2,2,0,0,1,10,1,0.450987323
5,4,2,2,0,1,4,1,0.455587495
5,4,2,2,0,1,4,1,0.455587495
10,1,1,0,0,3,4,0,0.457557535
10,1,1,0,0,3,4,0,0.457557535
7,3,3,0,0,1,4,1,0.460132437
7,3,3,0,0,1,4,1,0.460132437
1,3,2,1,0,1,8,1,0.462225331
1,3,2,1,0,1,8,1,0.462225331
3,1,1,0,0,1,5,1,0.462356349
3,1,1,0,0,1,5,1,0.462356349
7,2,2,0,0,1,4,1,0.463719958
7,2,2,0,0,1,4,1,0.463719958
3,4,1,3,1,1,4,1,0.464798556
3,4,1,3,1,1,4,1,0.464798556
5,4,2,2,0,3,4,0,0.466647936
5,4,2,2,0,3,4,0,0.466647936
5,4,3,1,0,1,2,0,0.469055366
5,4,3,1,0,1,2,0,0.469055366
8,3,2,1,0,1,24,0,0.469425413
8,3,2,1,0,1,24,0,0.469425413
9,0,0,0,0,1,2,0,0.472277879
9,0,0,0,0,1,2,0,0.472277879
8,2,2,0,0,1,8,1,0.476451614
8,2,2,0,0,1,8,1,0.476451614
1,4,3,1,0,1,3,0,0.477144736
1,4,3,1,0,1,3,0,0.477144736
12,3,3,0,0,1,5,1,0.481073271
12,3,3,0,0,1,5,1,0.481073271
5,2,2,0,0,1,8,0,0.482642537
5,2,2,0,0,1,8,0,0.482642537
12,5,2,3,0,1,99,1,0.482995707
12,5,2,3,0,1,99,1,0.482995707
7,2,1,1,0,1,5,1,0.495781627
7,2,1,1,0,1,5,1,0.495781627
4,2,1,1,0,1,99,1,0.496472111
4,2,1,1,0,1,99,1,0.496472111
1,2,2,0,0,1,5,1,0.497890082
1,2,2,0,0,1,5,1,0.497890082
6,0,0,0,0,2,99,0,0.500084306
6,0,0,0,0,2,99,0,0.500084306
11,2,2,0,0,2,4,0,0.505592948
11,2,2,0,0,2,4,0,0.505592948
5,2,1,1,0,1,2,1,0.50877242
5,2,1,1,0,1,2,1,0.50877242
5,2,0,2,0,1,4,1,0.51336992
5,2,0,2,0,1,4,1,0.51336992
10,2,1,1,0,1,4,0,0.520394392
10,2,1,1,0,1,4,0,0.520394392
8,3,0,3,0,1,21,1,0.521804607
8,3,0,3,0,1,21,1,0.521804607
2,1,1,0,0,1,4,0,0.52512121
2,1,1,0,0,1,4,0,0.52512121
12,2,2,0,0,1,99,0,0.525130216
12,2,2,0,0,1,99,0,0.525130216
9,2,1,1,0,1,99,1,0.526818108
9,2,1,1,0,1,99,1,0.526818108
9,2,2,0,1,1,99,0,0.529126822
9,2,2,0,1,1,99,0,0.529126822
3,3,1,2,0,1,5,1,0.529275364
3,3,1,2,0,1,5,1,0.529275364
5,2,1,1,0,1,2,1,0.529996625
5,2,1,1,0,1,2,1,0.529996625
3,2,2,0,0,2,99,0,0.531907044
3,2,2,0,0,2,99,0,0.531907044
6,2,1,1,0,1,4,1,0.533831687
6,2,1,1,0,1,4,1,0.533831687
12,2,1,1,0,2,8,0,0.537150476
12,2,1,1,0,2,8,0,0.537150476
7,1,1,0,0,1,8,1,0.547976138
7,1,1,0,0,1,8,1,0.547976138
4,2,0,2,0,1,10,1,0.556663001
4,2,0,2,0,1,10,1,0.556663001
2,2,1,1,1,1,5,0,0.557007028
2,2,1,1,1,1,5,0,0.557007028
9,2,0,2,0,1,8,1,0.559314128
9,2,0,2,0,1,8,1,0.559314128
10,3,1,2,0,1,4,1,0.561030074
10,3,1,2,0,1,4,1,0.561030074
4,4,2,2,0,1,7,0,0.561062686
4,4,2,2,0,1,7,0,0.561062686
8,5,5,0,0,1,8,0,0.563886419
8,5,5,0,0,1,8,0,0.563886419
3,2,1,1,1,1,2,1,0.569208648
3,2,1,1,1,1,2,1,0.569208648
4,4,2,2,1,1,3,1,0.570589103
4,4,2,2,1,1,3,1,0.570589103
8,0,0,0,0,1,2,1,0.573917986
8,0,0,0,0,1,2,1,0.573917986
1,3,1,2,0,1,5,1,0.574868166
1,3,1,2,0,1,5,1,0.574868166
3,3,2,1,0,1,5,1,0.58583058
3,3,2,1,0,1,5,1,0.58583058
4,3,2,1,0,1,3,1,0.588394011
4,3,2,1,0,1,3,1,0.588394011
9,3,1,2,0,4,7,0,0.593436294
9,3,1,2,0,4,7,0,0.593436294
5,4,2,2,0,1,10,0,0.603559656
5,4,2,2,0,1,10,0,0.603559656
9,5,2,3,0,1,7,1,0.613203256
9,5,2,3,0,1,7,1,0.613203256
8,3,3,0,0,1,99,1,0.624020222
8,3,3,0,0,1,99,1,0.624020222
6,4,2,2,0,1,2,0,0.626178136
6,4,2,2,0,1,2,0,0.626178136
9,2,1,1,1,1,16,0,0.634465286
9,2,1,1,1,1,16,0,0.634465286
8,2,1,1,0,1,5,0,0.636753776
8,2,1,1,0,1,5,0,0.636753776
9,4,2,2,0,1,4,0,0.640229699
9,4,2,2,0,1,4,0,0.640229699
12,3,2,1,1,2,2,0,0.643179735
12,3,2,1,1,2,2,0,0.643179735
9,1,1,0,1,1,5,0,0.6506263
9,1,1,0,1,1,5,0,0.6506263
8,2,0,2,1,1,4,0,0.651586214
8,2,0,2,1,1,4,0,0.651586214
2,5,3,2,0,1,8,1,0.655162835
2,5,3,2,0,1,8,1,0.655162835
2,0,0,0,1,2,99,0,0.658042786
2,0,0,0,1,2,99,0,0.658042786
11,2,1,1,0,1,5,1,0.658301617
11,2,1,1,0,1,5,1,0.658301617
6,3,3,0,0,2,3,0,0.669719272
6,3,3,0,0,2,3,0,0.669719272
9,0,0,0,1,1,7,1,0.679533576
9,0,0,0,1,1,7,1,0.679533576
8,2,2,0,0,2,4,0,0.681921237
8,2,2,0,0,2,4,0,0.681921237
4,2,1,1,1,1,4,0,0.693949842
4,2,1,1,1,1,4,0,0.693949842
3,3,1,2,0,1,4,0,0.706247485
3,3,1,2,0,1,4,0,0.706247485
11,1,1,0,0,1,2,1,0.708730745
11,1,1,0,0,1,2,1,0.708730745
9,0,0,0,1,3,99,0,0.709262955
9,0,0,0,1,3,99,0,0.709262955
9,2,1,1,0,1,10,0,0.710184627
9,2,1,1,0,1,10,0,0.710184627
1,3,1,2,0,1,8,0,0.715189039
1,3,1,2,0,1,8,0,0.715189039
11,2,0,2,0,1,3,1,0.722087913
11,2,0,2,0,1,3,1,0.722087913
3,3,2,1,0,1,4,1,0.722395083
3,3,2,1,0,1,4,1,0.722395083
12,5,3,2,1,1,99,0,0.733017079
12,5,3,2,1,1,99,0,0.733017079
10,9,5,4,0,1,17,0,0.738877988
10,9,5,4,0,1,17,0,0.738877988
2,0,0,0,0,1,4,1,0.750973084
2,0,0,0,0,1,4,1,0.750973084
9,3,1,2,0,1,5,0,0.75279263
9,3,1,2,0,1,5,0,0.75279263
2,4,0,4,0,1,4,0,0.758598355
2,4,0,4,0,1,4,0,0.758598355
5,2,1,1,0,1,10,1,0.77775947
5,2,1,1,0,1,10,1,0.77775947
2,3,2,1,0,1,4,0,0.784956298
2,3,2,1,0,1,4,0,0.784956298
12,3,2,1,0,1,5,1,0.79228119
12,3,2,1,0,1,5,1,0.79228119
11,0,0,0,1,1,4,0,0.794252802
11,0,0,0,1,1,4,0,0.794252802
4,1,1,0,0,1,8,0,0.800387261
4,1,1,0,0,1,8,0,0.800387261
9,2,0,2,0,1,99,0,0.815643472
9,2,0,2,0,1,99,0,0.815643472
12,3,2,1,0,1,3,1,0.816158287
12,3,2,1,0,1,3,1,0.816158287
4,3,2,1,0,1,4,0,0.837344987
4,3,2,1,0,1,4,0,0.837344987
1,2,0,2,0,1,4,1,0.863066287
1,2,0,2,0,1,4,1,0.863066287
9,4,2,2,0,1,8,1,0.905838666
9,4,2,2,0,1,8,1,0.905838666
9,3,1,2,0,1,99,0,0.913625165
9,3,1,2,0,1,99,0,0.913625165
9,2,1,1,0,1,2,1,0.919353566
9,2,1,1,0,1,2,1,0.919353566
9,2,1,1,0,1,5,0,0.942535189
9,2,1,1,0,1,5,0,0.942535189
2,0,0,0,1,3,4,0,0.94584455
2,0,0,0,1,3,4,0,0.94584455
9,4,2,2,0,1,8,0,0.954025158
9,4,2,2,0,1,8,0,0.954025158
3,2,1,1,0,2,1,1,1
3,2,1,1,0,2,1,1,1
9,2,1,1,0,1,5,0,1
9,2,1,1,0,1,5,0,1
11,3,1,2,0,1,7,1,1
11,3,1,2,0,1,7,1,1
